timestamp,open,high,low,close,volume
2020-01-02T14:30:00.000Z,9039.4599609375,9093.4296875,9010.8896484375,9092.1904296875,2862700000
2020-01-03T14:30:00.000Z,8976.4296875,9065.759765625,8976.4296875,9020.76953125,2586520000
2020-01-06T14:30:00.000Z,8943.5,9072.41015625,8943.5,9071.4697265625,2810450000
2020-01-07T14:30:00.000Z,9076.6396484375,9091.9296875,9042.5498046875,9068.580078125,2381740000
2020-01-08T14:30:00.000Z,9068.0302734375,9168.8896484375,9059.3798828125,9129.240234375,2472620000
2020-01-09T14:30:00.000Z,9202.26953125,9215.9501953125,9158.5,9203.4296875,2540960000
2020-01-10T14:30:00.000Z,9232.9501953125,9235.2001953125,9164.66015625,9178.8603515625,2382900000
2020-01-13T14:30:00.000Z,9213.7197265625,9274.490234375,9193.0595703125,9273.9296875,2536820000
2020-01-14T14:30:00.000Z,9270.6103515625,9298.330078125,9226.490234375,9251.330078125,2553160000
2020-01-15T14:30:00.000Z,9253.759765625,9298.8203125,9231.1396484375,9258.7001953125,2443220000
2020-01-16T14:30:00.000Z,9313.4501953125,9357.919921875,9301.3203125,9357.1298828125,2312110000
2020-01-17T14:30:00.000Z,9392.3701171875,9393.48046875,9346.8095703125,9388.9404296875,2542540000
2020-01-21T14:30:00.000Z,9361.0703125,9397.580078125,9350.2001953125,9370.8095703125,2686610000
2020-01-22T14:30:00.000Z,9413.6103515625,9439.2900390625,9375.1298828125,9383.76953125,2454580000
2020-01-23T14:30:00.000Z,9377.7197265625,9409.2001953125,9334.1298828125,9402.48046875,2465850000
2020-01-24T14:30:00.000Z,9446.2099609375,9451.4296875,9273.23046875,9314.91015625,2622970000
2020-01-27T14:30:00.000Z,9092.4599609375,9185.4501953125,9088.0400390625,9139.3095703125,2593910000
2020-01-28T14:30:00.000Z,9201.8203125,9288.8701171875,9182.330078125,9269.6796875,2169020000
2020-01-29T14:30:00.000Z,9318.259765625,9329.1201171875,9249.0400390625,9275.16015625,2234620000
2020-01-30T14:30:00.000Z,9211.150390625,9303,9185.1796875,9298.9296875,2345370000
2020-01-31T14:30:00.000Z,9324.330078125,9324.7998046875,9123.2197265625,9150.9404296875,2696090000
2020-02-03T14:30:00.000Z,9190.7197265625,9299.849609375,9188.5498046875,9273.400390625,2427320000
2020-02-04T14:30:00.000Z,9398.3896484375,9485.3798828125,9374.0498046875,9467.9697265625,2447340000
2020-02-05T14:30:00.000Z,9574.099609375,9574.9404296875,9454.9296875,9508.6796875,2470240000
2020-02-06T14:30:00.000Z,9540.98046875,9575.66015625,9505.6796875,9572.150390625,2313860000
2020-02-07T14:30:00.000Z,9526.6396484375,9570.08984375,9496.5302734375,9520.509765625,2243720000
2020-02-10T14:30:00.000Z,9493.6298828125,9628.66015625,9493.6298828125,9628.3896484375,2187520000
2020-02-11T14:30:00.000Z,9680.8896484375,9714.740234375,9617.2099609375,9638.9404296875,2450070000
2020-02-12T14:30:00.000Z,9688.599609375,9728.76953125,9666.6904296875,9725.9599609375,2366510000
2020-02-13T14:30:00.000Z,9657.0400390625,9748.3203125,9650.01953125,9711.9697265625,2254870000
2020-02-14T14:30:00.000Z,9728.900390625,9746.3603515625,9693.0498046875,9731.1796875,2226720000
2020-02-18T14:30:00.000Z,9679.0400390625,9747.6796875,9675.7998046875,9732.740234375,2279420000
2020-02-19T14:30:00.000Z,9782.8095703125,9838.3701171875,9777.099609375,9817.1796875,2470860000
2020-02-20T14:30:00.000Z,9799.2001953125,9820.8603515625,9636.9404296875,9750.9697265625,2745730000
2020-02-21T14:30:00.000Z,9708.009765625,9715.9501953125,9542.330078125,9576.58984375,2750160000
2020-02-24T14:30:00.000Z,9188.4404296875,9322.8798828125,9166.009765625,9221.2802734375,3188590000
2020-02-25T14:30:00.000Z,9301.2001953125,9315.259765625,8940.490234375,8965.6103515625,3595520000
2020-02-26T14:30:00.000Z,9011.5498046875,9148.3203125,8927.7998046875,8980.7802734375,3587950000
2020-02-27T14:30:00.000Z,8744.0302734375,8904.1103515625,8562.0498046875,8566.48046875,4559900000
2020-02-28T14:30:00.000Z,8269.740234375,8591.8203125,8264.16015625,8567.3701171875,5320020000
2020-03-02T14:30:00.000Z,8667.1396484375,8952.8095703125,8543.349609375,8952.169921875,4249020000
2020-03-03T14:30:00.000Z,8965.099609375,9070.3203125,8602.8896484375,8684.08984375,4336700000
2020-03-04T14:30:00.000Z,8834.099609375,9019.9599609375,8757.66015625,9018.08984375,3634760000
2020-03-05T14:30:00.000Z,8790.08984375,8921.080078125,8677.3896484375,8738.58984375,3763860000
2020-03-06T14:30:00.000Z,8469.01953125,8612.3603515625,8375.1298828125,8575.6201171875,4292730000
2020-03-09T13:30:00.000Z,7957.93017578125,8243.3095703125,7943.16015625,7950.68017578125,4554110000
2020-03-10T13:30:00.000Z,8219.759765625,8347.400390625,7930.43017578125,8344.25,4447260000
2020-03-11T13:30:00.000Z,8136.25,8181.35986328125,7850.9501953125,7952.0498046875,4302610000
2020-03-12T13:30:00.000Z,7398.580078125,7712.330078125,7194.669921875,7201.7998046875,5099350000
2020-03-13T13:30:00.000Z,7610.39013671875,7875.93017578125,7219.08984375,7874.8798828125,4701070000
2020-03-16T13:30:00.000Z,7392.72998046875,7422.2001953125,6882.85986328125,6904.58984375,4618120000
2020-03-17T13:30:00.000Z,7072,7406.22998046875,6828.91015625,7334.77978515625,4920210000
2020-03-18T13:30:00.000Z,6902.31982421875,7182.830078125,6686.35986328125,6989.83984375,4935000000
2020-03-19T13:30:00.000Z,6996.4501953125,7341.3798828125,6858.3798828125,7150.580078125,4778490000
2020-03-20T13:30:00.000Z,7248.06982421875,7354.43994140625,6854.669921875,6879.52001953125,5260300000
2020-03-23T13:30:00.000Z,6847.27978515625,6984.93994140625,6631.419921875,6860.669921875,4348410000
2020-03-24T13:30:00.000Z,7196.14990234375,7418.3701171875,7169.85986328125,7417.85986328125,4441080000
2020-03-25T13:30:00.000Z,7421.35986328125,7671.2099609375,7276.39990234375,7384.2998046875,4683630000
2020-03-26T13:30:00.000Z,7462.2099609375,7809.830078125,7462.2099609375,7797.5400390625,4014670000
2020-03-27T13:30:00.000Z,7554.25,7716.240234375,7491.14013671875,7502.3798828125,3989120000
2020-03-30T13:30:00.000Z,7583.4599609375,7784.35009765625,7539.97021484375,7774.14990234375,3870770000
2020-03-31T13:30:00.000Z,7740.06005859375,7880.31005859375,7642.85986328125,7700.10009765625,4078960000
2020-04-01T13:30:00.000Z,7459.5,7566.3701171875,7301.97998046875,7360.580078125,3700040000
2020-04-02T13:30:00.000Z,7317.4501953125,7501.7001953125,7307.9501953125,7487.31005859375,3622170000
2020-04-03T13:30:00.000Z,7477.27001953125,7518.72021484375,7288.10986328125,7373.080078125,3294260000
2020-04-06T13:30:00.000Z,7660.169921875,7938.330078125,7617.7900390625,7913.240234375,3849130000
2020-04-07T13:30:00.000Z,8129.990234375,8146.43017578125,7881.22021484375,7887.259765625,4085960000
2020-04-08T13:30:00.000Z,7975.72021484375,8114.43017578125,7901.93994140625,8090.89990234375,3487440000
2020-04-09T13:30:00.000Z,8169.009765625,8227.91015625,8072.31982421875,8153.580078125,4145460000
2020-04-13T13:30:00.000Z,8127.68994140625,8200.4404296875,8035.9501953125,8192.419921875,3184660000
2020-04-14T13:30:00.000Z,8353.2099609375,8531.1103515625,8338.080078125,8515.740234375,3767410000
2020-04-15T13:30:00.000Z,8355.9599609375,8464.66015625,8308.7900390625,8393.1796875,3347920000
2020-04-16T13:30:00.000Z,8479.1103515625,8560.16015625,8393.26953125,8532.3603515625,4057800000
2020-04-17T13:30:00.000Z,8667.48046875,8670.2998046875,8531.6904296875,8650.1396484375,4348310000
2020-04-20T13:30:00.000Z,8553.3798828125,8684.91015625,8553.3798828125,8560.73046875,3827370000
2020-04-21T13:30:00.000Z,8460.6904296875,8480.2900390625,8215.6904296875,8263.23046875,3788180000
2020-04-22T13:30:00.000Z,8434.5498046875,8537.3095703125,8404.5400390625,8495.3798828125,3041520000
2020-04-23T13:30:00.000Z,8528.83984375,8635.23046875,8475.2001953125,8494.75,3759890000
2020-04-24T13:30:00.000Z,8530.080078125,8642.9296875,8464.419921875,8634.51953125,3696020000
2020-04-27T13:30:00.000Z,8717.98046875,8754.5703125,8697.3701171875,8730.16015625,3694980000
2020-04-28T13:30:00.000Z,8825.6904296875,8830.5703125,8600.7001953125,8607.73046875,3730350000
2020-04-29T13:30:00.000Z,8802.7001953125,8957.26953125,8765.009765625,8914.7099609375,4407140000
2020-04-30T13:30:00.000Z,8911.01953125,8926.1103515625,8825.830078125,8889.5498046875,4335660000
2020-05-01T13:30:00.000Z,8681.2900390625,8754.4599609375,8566.83984375,8604.9501953125,3741300000
2020-05-04T13:30:00.000Z,8555.3203125,8715.8203125,8537.830078125,8710.7099609375,3443140000
2020-05-05T13:30:00.000Z,8809.66015625,8909.9599609375,8781.3095703125,8809.1201171875,3933550000
2020-05-06T13:30:00.000Z,8874.7001953125,8933.25,8819.3701171875,8854.3896484375,3656750000
2020-05-07T13:30:00.000Z,8973.7802734375,9015.990234375,8932.8603515625,8979.66015625,3787220000
2020-05-08T13:30:00.000Z,9056.8896484375,9125.98046875,9018.2099609375,9121.3203125,3813630000
2020-05-11T13:30:00.000Z,9054.91015625,9241.919921875,9053.169921875,9192.33984375,3925450000
2020-05-12T13:30:00.000Z,9225.150390625,9250.9599609375,9000.0703125,9002.5498046875,4336510000
2020-05-13T13:30:00.000Z,9006.0498046875,9074.16015625,8752.6796875,8863.169921875,4273210000
2020-05-14T13:30:00.000Z,8788.0400390625,8945.7099609375,8705.25,8943.7197265625,3965970000
2020-05-15T13:30:00.000Z,8839.990234375,9018.400390625,8821.3798828125,9014.5595703125,4240690000
2020-05-18T13:30:00.000Z,9177.150390625,9267.2197265625,9154.349609375,9234.830078125,4341820000
2020-05-19T13:30:00.000Z,9227.4599609375,9317.25,9183.25,9185.099609375,4193550000
2020-05-20T13:30:00.000Z,9305.6201171875,9392.8203125,9304.2001953125,9375.7802734375,4315500000
2020-05-21T13:30:00.000Z,9375.1904296875,9405.25,9254.849609375,9284.8798828125,3745270000
2020-05-22T13:30:00.000Z,9278.5498046875,9328.2802734375,9239.41015625,9324.58984375,3668070000
2020-05-26T13:30:00.000Z,9501.2099609375,9501.2099609375,9333.16015625,9340.2197265625,4448950000
2020-05-27T13:30:00.000Z,9346.1201171875,9414.6201171875,9144.2802734375,9412.3603515625,4489110000
2020-05-28T13:30:00.000Z,9392.990234375,9523.6396484375,9345.2802734375,9368.990234375,4113660000
2020-05-29T13:30:00.000Z,9382.349609375,9505.5498046875,9324.73046875,9489.8701171875,4742290000
2020-06-01T13:30:00.000Z,9471.419921875,9571.2802734375,9462.3203125,9552.0498046875,3847770000
2020-06-02T13:30:00.000Z,9566.5302734375,9611.2197265625,9472.080078125,9608.3798828125,3990080000
2020-06-03T13:30:00.000Z,9651.8603515625,9707.7802734375,9627.169921875,9682.91015625,4679030000
2020-06-04T13:30:00.000Z,9649.650390625,9716.1396484375,9560.41015625,9615.8095703125,6141320000
2020-06-05T13:30:00.000Z,9703.5400390625,9845.6904296875,9685.349609375,9814.080078125,6607730000
2020-06-08T13:30:00.000Z,9823.4404296875,9927.1298828125,9780.6103515625,9924.75,6197330000
2020-06-09T13:30:00.000Z,9867.1904296875,10002.5,9863.26953125,9953.75,5319450000
2020-06-10T13:30:00.000Z,10012.3203125,10086.8896484375,9962.580078125,10020.349609375,5170860000
2020-06-11T13:30:00.000Z,9791.240234375,9868.080078125,9491.3095703125,9492.73046875,5300850000
2020-06-12T13:30:00.000Z,9715.8701171875,9768.6396484375,9413.6201171875,9588.8095703125,4388990000
2020-06-15T13:30:00.000Z,9426.900390625,9756.0703125,9403,9726.01953125,4476010000
2020-06-16T13:30:00.000Z,9949.7802734375,9963.6298828125,9748.3798828125,9895.8701171875,4669320000
2020-06-17T13:30:00.000Z,9943.3095703125,9991.2099609375,9891.8095703125,9910.5302734375,4279700000
2020-06-18T13:30:00.000Z,9892.48046875,9959.2001953125,9885.66015625,9943.0498046875,4335320000
2020-06-19T13:30:00.000Z,10042.1298828125,10053.91015625,9872.9404296875,9946.1201171875,6093830000
2020-06-22T13:30:00.000Z,9945.490234375,10059.6103515625,9916.599609375,10056.48046875,4506960000
2020-06-23T13:30:00.000Z,10130.830078125,10221.849609375,10112.4404296875,10131.3701171875,5755170000
2020-06-24T13:30:00.000Z,10092.919921875,10137.5,9842.2197265625,9909.169921875,5589130000
2020-06-25T13:30:00.000Z,9899.3603515625,10023.2802734375,9810.4697265625,10017,4779640000
2020-06-26T13:30:00.000Z,9995.1201171875,10000.669921875,9749.0703125,9757.2197265625,7309380000
2020-06-29T13:30:00.000Z,9771.7197265625,9877.33984375,9663.6103515625,9874.150390625,4336290000
2020-06-30T13:30:00.000Z,9875.2900390625,10085.58984375,9863.669921875,10058.76953125,4510190000
2020-07-01T13:30:00.000Z,10063.669921875,10197.1904296875,10048.0400390625,10154.6298828125,4624430000
2020-07-02T13:30:00.000Z,10268.669921875,10310.3603515625,10194.0595703125,10207.6298828125,4038920000
2020-07-06T13:30:00.000Z,10360.3798828125,10462.0498046875,10354.98046875,10433.650390625,4570260000
2020-07-07T13:30:00.000Z,10412.4599609375,10518.98046875,10337.98046875,10343.8896484375,4337130000
2020-07-08T13:30:00.000Z,10409.349609375,10494.6298828125,10350.9599609375,10492.5,4030210000
2020-07-09T13:30:00.000Z,10563.7197265625,10578.099609375,10379.91015625,10547.75,4013180000
2020-07-10T13:30:00.000Z,10545.91015625,10622.349609375,10447.009765625,10617.4404296875,3537510000
2020-07-13T13:30:00.000Z,10729.919921875,10824.7802734375,10368.0400390625,10390.83984375,4851880000
2020-07-14T13:30:00.000Z,10310.25,10497.830078125,10182.4599609375,10488.580078125,4461770000
2020-07-15T13:30:00.000Z,10576.7197265625,10604.669921875,10420.5400390625,10550.490234375,4647070000
2020-07-16T13:30:00.000Z,10443.8701171875,10499.7900390625,10364.3896484375,10473.830078125,4277760000
2020-07-17T13:30:00.000Z,10500.51953125,10532.6201171875,10421.2099609375,10503.1904296875,4361480000
2020-07-20T13:30:00.000Z,10526.01953125,10783.7998046875,10488.0400390625,10767.08984375,4314630000
2020-07-21T13:30:00.000Z,10837.8798828125,10839.9296875,10650.4599609375,10680.3603515625,5350750000
2020-07-22T13:30:00.000Z,10687.580078125,10745.3203125,10627.4501953125,10706.1298828125,4128960000
2020-07-23T13:30:00.000Z,10689.5,10728.1201171875,10407.8701171875,10461.419921875,4501540000
2020-07-24T13:30:00.000Z,10294.41015625,10418.75,10217.3095703125,10363.1796875,4233390000
2020-07-27T13:30:00.000Z,10421.7001953125,10546.4404296875,10399.8603515625,10536.26953125,4244570000
2020-07-28T13:30:00.000Z,10509.2001953125,10523.6396484375,10397.8701171875,10402.08984375,3894660000
2020-07-29T13:30:00.000Z,10474.7001953125,10567.91015625,10464,10542.9404296875,4009640000
2020-07-30T13:30:00.000Z,10450.1201171875,10609.58984375,10412.08984375,10587.8095703125,4185810000
2020-07-31T13:30:00.000Z,10741.4697265625,10747.7998046875,10557.7001953125,10745.26953125,4438730000
2020-08-03T13:30:00.000Z,10848.6396484375,10927.5595703125,10831.150390625,10902.7998046875,4203890000
2020-08-04T13:30:00.000Z,10897.8896484375,10941.91015625,10852.900390625,10941.169921875,4016520000
2020-08-05T13:30:00.000Z,10967.8701171875,11002.1103515625,10943.7197265625,10998.400390625,4160740000
2020-08-06T13:30:00.000Z,10989.98046875,11121.1904296875,10963.41015625,11108.0703125,4120000000
2020-08-07T13:30:00.000Z,11072.5302734375,11126.0400390625,10920.3701171875,11010.98046875,4263930000
2020-08-10T13:30:00.000Z,11033.73046875,11040.240234375,10849.4599609375,10968.3603515625,4048420000
2020-08-11T13:30:00.000Z,10942.66015625,10989.419921875,10762.7099609375,10782.8203125,4331770000
2020-08-12T13:30:00.000Z,10878.1201171875,11036.7197265625,10877.16015625,11012.240234375,3745230000
2020-08-13T13:30:00.000Z,11026.8603515625,11124.849609375,11007.5,11042.5,3480470000
2020-08-14T13:30:00.000Z,11042.240234375,11058.4404296875,10972.0595703125,11019.2998046875,3514260000
2020-08-17T13:30:00.000Z,11083.25,11144.5302734375,11080.2998046875,11129.73046875,3214870000
2020-08-18T13:30:00.000Z,11170.75,11230.6201171875,11103.830078125,11210.83984375,3228590000
2020-08-19T13:30:00.000Z,11214.7998046875,11257.419921875,11132.099609375,11146.4599609375,3496480000
2020-08-20T13:30:00.000Z,11096.400390625,11283.6201171875,11090.0302734375,11264.9501953125,4215130000
2020-08-21T13:30:00.000Z,11258.4404296875,11326.2099609375,11245.4404296875,11311.7998046875,3929290000
2020-08-24T13:30:00.000Z,11449.25,11462.0498046875,11297.5302734375,11379.7197265625,3907310000
2020-08-25T13:30:00.000Z,11370.23046875,11468.259765625,11343.0400390625,11466.4697265625,3475280000
2020-08-26T13:30:00.000Z,11516.6201171875,11672.0498046875,11507.4599609375,11665.0595703125,3471520000
2020-08-27T13:30:00.000Z,11688.1904296875,11730.009765625,11551.009765625,11625.33984375,3547400000
2020-08-28T13:30:00.000Z,11689.2802734375,11708.76953125,11634.76953125,11695.6298828125,3012980000
2020-08-31T13:30:00.000Z,11718.8095703125,11829.83984375,11697.419921875,11775.4599609375,3612050000
2020-09-01T13:30:00.000Z,11850.9599609375,11945.7197265625,11794.7802734375,11939.669921875,3511060000
2020-09-02T13:30:00.000Z,12047.259765625,12074.0595703125,11836.1796875,12056.4404296875,3982360000
2020-09-03T13:30:00.000Z,11861.900390625,11894.400390625,11361.3603515625,11458.099609375,4465010000
2020-09-04T13:30:00.000Z,11396.240234375,11531.1796875,10875.8701171875,11313.1298828125,4284440000
2020-09-08T13:30:00.000Z,10900.7001953125,11131.5,10837.2001953125,10847.6904296875,3905420000
2020-09-09T13:30:00.000Z,11064.759765625,11217.6904296875,10970.4501953125,11141.5595703125,3550660000
2020-09-10T13:30:00.000Z,11235.5302734375,11299.5302734375,10875.01953125,10919.58984375,3840010000
2020-09-11T13:30:00.000Z,11010.0703125,11033.0400390625,10728.0302734375,10853.5498046875,3630250000
2020-09-14T13:30:00.000Z,11010.1396484375,11118.2900390625,10982.259765625,11056.650390625,3737610000
2020-09-15T13:30:00.000Z,11193.9599609375,11244.4599609375,11127.98046875,11190.3203125,3786110000
2020-09-16T13:30:00.000Z,11222.080078125,11245.419921875,11046.4296875,11050.4697265625,3678020000
2020-09-17T13:30:00.000Z,10796.0498046875,10974.4501953125,10783.8095703125,10910.2802734375,3740110000
2020-09-18T13:30:00.000Z,10973.4501953125,10977.6796875,10639.9501953125,10793.2802734375,5759090000
2020-09-21T13:30:00.000Z,10610.1396484375,10782.740234375,10519.490234375,10778.7998046875,3900970000
2020-09-22T13:30:00.000Z,10873.2998046875,10979.650390625,10737.51953125,10963.6396484375,3515440000
2020-09-23T13:30:00.000Z,10950.8203125,10962.0302734375,10612.91015625,10632.990234375,4097320000
2020-09-24T13:30:00.000Z,10551.01953125,10799.5498046875,10520.2197265625,10672.26953125,4086360000
2020-09-25T13:30:00.000Z,10680.4599609375,10939.5498046875,10639.98046875,10913.5595703125,3785270000
2020-09-28T13:30:00.000Z,11084.3798828125,11120.7900390625,11019.1396484375,11117.5302734375,3591740000
2020-09-29T13:30:00.000Z,11109,11153.23046875,11065.6298828125,11085.25,3389040000
2020-09-30T13:30:00.000Z,11092.900390625,11277.9599609375,11092.900390625,11167.509765625,4260630000
2020-10-01T13:30:00.000Z,11291.990234375,11344.1298828125,11240.5302734375,11326.509765625,4005900000
2020-10-02T13:30:00.000Z,11082.5302734375,11244.8701171875,11033.6904296875,11075.01953125,3731510000
2020-10-05T13:30:00.000Z,11169.1103515625,11335.2099609375,11162.51953125,11332.490234375,3623920000
2020-10-06T13:30:00.000Z,11314.5302734375,11392.41015625,11124.4501953125,11154.599609375,4390960000
2020-10-07T13:30:00.000Z,11271.6796875,11380.5595703125,11258.349609375,11364.599609375,3910770000
2020-10-08T13:30:00.000Z,11443.349609375,11448.23046875,11384.330078125,11420.98046875,3507570000
2020-10-09T13:30:00.000Z,11487.599609375,11581.23046875,11476.66015625,11579.9404296875,3504230000
2020-10-12T13:30:00.000Z,11732.330078125,11965.5400390625,11704.1298828125,11876.259765625,3885030000
2020-10-13T13:30:00.000Z,11901.759765625,11946.98046875,11821.830078125,11863.900390625,3634130000
2020-10-14T13:30:00.000Z,11889.0703125,11939.919921875,11714.349609375,11768.73046875,3410410000
2020-10-15T13:30:00.000Z,11559.8798828125,11740.6796875,11559.099609375,11713.8701171875,3325270000
2020-10-16T13:30:00.000Z,11761.830078125,11827.419921875,11648.5302734375,11671.5595703125,3166980000
2020-10-19T13:30:00.000Z,11732.33984375,11778.1103515625,11454.5703125,11478.8798828125,3477410000
2020-10-20T13:30:00.000Z,11531.830078125,11632.8896484375,11471.23046875,11516.490234375,3510040000
2020-10-21T13:30:00.000Z,11530.3896484375,11613.7900390625,11476.080078125,11484.6904296875,3467310000
2020-10-22T13:30:00.000Z,11526.9697265625,11548.76953125,11369.2900390625,11506.009765625,3434040000
2020-10-23T13:30:00.000Z,11536.009765625,11548.849609375,11434.8603515625,11548.2802734375,3145570000
2020-10-26T13:30:00.000Z,11440.6396484375,11545.6298828125,11221.0595703125,11358.9404296875,3205100000
2020-10-27T13:30:00.000Z,11409.33984375,11465.0595703125,11361.8603515625,11431.349609375,3104770000
2020-10-28T13:30:00.000Z,11230.900390625,11249.9501953125,10999.0703125,11004.8701171875,3930690000
2020-10-29T13:30:00.000Z,11064.4697265625,11287.6298828125,11030.1904296875,11185.58984375,3244190000
2020-10-30T13:30:00.000Z,11103.4697265625,11129.8095703125,10822.5703125,10911.58984375,3671600000
2020-11-02T14:30:00.000Z,11010.4501953125,11071.080078125,10830.9501953125,10957.6103515625,3209000000
2020-11-03T14:30:00.000Z,11038.66015625,11213.919921875,11004.83984375,11160.5703125,3216580000
2020-11-04T14:30:00.000Z,11443.76953125,11663.3095703125,11394.2099609375,11590.7802734375,3620760000
2020-11-05T14:30:00.000Z,11816.330078125,11924.2802734375,11784.150390625,11890.9296875,3848160000
2020-11-06T14:30:00.000Z,11869.900390625,11920.5400390625,11737.1298828125,11895.23046875,4183220000
2020-11-09T14:30:00.000Z,12046.66015625,12108.0703125,11703.490234375,11713.7802734375,5863900000
2020-11-10T14:30:00.000Z,11622.4404296875,11665.8701171875,11424.6103515625,11553.8603515625,4736560000
2020-11-11T14:30:00.000Z,11656.650390625,11793.5703125,11638.900390625,11786.4296875,3854680000
2020-11-12T14:30:00.000Z,11802.5,11847.83984375,11666.3701171875,11709.58984375,3886670000
2020-11-13T14:30:00.000Z,11794.9404296875,11849.7900390625,11715.51953125,11829.2900390625,3654230000
2020-11-16T14:30:00.000Z,11847.1103515625,11937.7197265625,11814.8896484375,11924.1298828125,4172570000
2020-11-17T14:30:00.000Z,11913.349609375,11950.1796875,11852.41015625,11899.33984375,4145030000
2020-11-18T14:30:00.000Z,11896.0595703125,11942.490234375,11799.9599609375,11801.599609375,4731420000
2020-11-19T14:30:00.000Z,11779.0400390625,11912.6298828125,11760.98046875,11904.7099609375,5385190000
2020-11-20T14:30:00.000Z,11892.7001953125,11935.4697265625,11852.509765625,11854.9697265625,5350970000
2020-11-23T14:30:00.000Z,11916.759765625,11949.330078125,11796.5302734375,11880.6298828125,5473250000
2020-11-24T14:30:00.000Z,11939.330078125,12049.8798828125,11863.4501953125,12036.7900390625,6339580000
2020-11-25T14:30:00.000Z,12053.8896484375,12114.76953125,12020.9501953125,12094.400390625,4448640000
2020-11-27T14:30:00.000Z,12159.1796875,12236.23046875,12154.5703125,12205.849609375,3401830000
2020-11-30T14:30:00.000Z,12224.25,12244.650390625,12027.16015625,12198.740234375,7760390000
2020-12-01T14:30:00.000Z,12313.3603515625,12405.7900390625,12263.9296875,12355.1103515625,6512420000
2020-12-02T14:30:00.000Z,12285.75,12360.0595703125,12217.349609375,12349.3701171875,5194960000
2020-12-03T14:30:00.000Z,12369.259765625,12439.01953125,12356.990234375,12377.1796875,5209980000
2020-12-04T14:30:00.000Z,12399.3203125,12464.23046875,12376.4404296875,12464.23046875,5086900000
2020-12-07T14:30:00.000Z,12461,12536.23046875,12460.5498046875,12519.9501953125,4771820000
2020-12-08T14:30:00.000Z,12503.169921875,12594.5400390625,12453.2099609375,12582.76953125,4809480000
2020-12-09T14:30:00.000Z,12591.6904296875,12607.1396484375,12290.7802734375,12338.9501953125,5168450000
2020-12-10T14:30:00.000Z,12247.5498046875,12431.5595703125,12214.740234375,12405.8095703125,4518580000
2020-12-11T14:30:00.000Z,12336.7900390625,12383.5,12246.76953125,12377.8701171875,4292680000
2020-12-14T14:30:00.000Z,12447.4404296875,12543,12432.7099609375,12440.0400390625,4491930000
2020-12-15T14:30:00.000Z,12543.259765625,12596.1298828125,12465.419921875,12595.0595703125,4423650000
2020-12-16T14:30:00.000Z,12611.0400390625,12687.3203125,12566.3798828125,12658.1904296875,4592700000
2020-12-17T14:30:00.000Z,12730.7802734375,12765.25,12696.349609375,12764.75,5029830000
2020-12-18T14:30:00.000Z,12804.9296875,12809.599609375,12654.599609375,12755.6396484375,7125800000
2020-12-21T14:30:00.000Z,12596.1396484375,12751.26953125,12525.2197265625,12742.51953125,5192860000
2020-12-22T14:30:00.000Z,12785.2197265625,12840.5703125,12695.3095703125,12807.919921875,5811850000
2020-12-23T14:30:00.000Z,12834.9404296875,12841.919921875,12758.669921875,12771.1103515625,7100250000
2020-12-24T14:30:00.000Z,12791.5400390625,12833.5498046875,12767.6396484375,12804.73046875,3305960000
2020-12-28T14:30:00.000Z,12914.6396484375,12930.8896484375,12827.4501953125,12899.419921875,5109140000
2020-12-29T14:30:00.000Z,12965.3896484375,12973.330078125,12821.9599609375,12850.2197265625,4726920000
2020-12-30T14:30:00.000Z,12906.509765625,12924.9296875,12857.759765625,12870,5343010000
2020-12-31T14:30:00.000Z,12877.08984375,12902.0703125,12821.23046875,12888.2802734375,4815840000
2021-01-04T14:30:00.000Z,12958.51953125,12958.7197265625,12543.240234375,12698.4501953125,6636170000
2021-01-05T14:30:00.000Z,12665.650390625,12828.26953125,12665.650390625,12818.9599609375,6971860000
2021-01-06T14:30:00.000Z,12666.150390625,12909.6298828125,12649.990234375,12740.7900390625,7689880000
2021-01-07T14:30:00.000Z,12867.33984375,13090.91015625,12867.33984375,13067.48046875,6841480000
2021-01-08T14:30:00.000Z,13160.2197265625,13208.08984375,13036.5498046875,13201.98046875,7289390000
2021-01-11T14:30:00.000Z,13048.7802734375,13138.26953125,12999.509765625,13036.4296875,6960470000
2021-01-12T14:30:00.000Z,13062.0595703125,13105.0400390625,12963.919921875,13072.4296875,7264070000
2021-01-13T14:30:00.000Z,13088.009765625,13171.150390625,13051.0595703125,13128.9501953125,7104810000
2021-01-14T14:30:00.000Z,13174.75,13220.16015625,13098.41015625,13112.6396484375,6734100000
2021-01-15T14:30:00.000Z,13099.900390625,13139.830078125,12949.759765625,12998.5,6458360000
2021-01-19T14:30:00.000Z,13132.73046875,13206.8603515625,13078.7001953125,13197.1796875,6297860000
2021-01-20T14:30:00.000Z,13342.5498046875,13486.1298828125,13329.76953125,13457.25,6820990000
2021-01-21T14:30:00.000Z,13521.48046875,13560.349609375,13454.0703125,13530.91015625,7258640000
2021-01-22T14:30:00.000Z,13474.8095703125,13567.1396484375,13463.66015625,13543.0595703125,5972750000
2021-01-25T14:30:00.000Z,13681.2099609375,13728.98046875,13368.6796875,13635.990234375,7193710000
2021-01-26T14:30:00.000Z,13681.7197265625,13702.6904296875,13603.1904296875,13626.0595703125,6849600000
2021-01-27T14:30:00.000Z,13486.580078125,13538.419921875,13192.91015625,13270.599609375,11621190000
2021-01-28T14:30:00.000Z,13323.2900390625,13507.6396484375,13316.51953125,13337.16015625,9959270000
2021-01-29T14:30:00.000Z,13284.7197265625,13322,12985.0498046875,13070.6904296875,7872250000
2021-02-01T14:30:00.000Z,13226.1796875,13431.4599609375,13132.4697265625,13403.3896484375,7092520000
2021-02-02T14:30:00.000Z,13543.099609375,13652.7001953125,13535.8603515625,13612.7802734375,7325270000
2021-02-03T14:30:00.000Z,13718.3095703125,13723.830078125,13585.33984375,13610.5400390625,7546940000
2021-02-04T14:30:00.000Z,13674.0595703125,13778.419921875,13631.6201171875,13777.740234375,7295370000
2021-02-05T14:30:00.000Z,13824.8798828125,13878.16015625,13761.66015625,13856.2998046875,6792910000
2021-02-08T14:30:00.000Z,13937.0595703125,13987.740234375,13894.150390625,13987.6396484375,8564530000
2021-02-09T14:30:00.000Z,13966.8203125,14044.9501953125,13966.5498046875,14007.7001953125,8766770000
2021-02-10T14:30:00.000Z,14093.349609375,14109.1201171875,13845.4697265625,13972.5302734375,10785930000
2021-02-11T14:30:00.000Z,14045.2099609375,14058.91015625,13916.849609375,14025.76953125,10916780000
2021-02-12T14:30:00.000Z,13979.2099609375,14102.0400390625,13937.7099609375,14095.4697265625,7416940000
2021-02-16T14:30:00.000Z,14152.2099609375,14175.1201171875,13995.4501953125,14047.5,7722100000
2021-02-17T14:30:00.000Z,13911.650390625,13976.4296875,13804.259765625,13965.490234375,7280500000
2021-02-18T14:30:00.000Z,13814.669921875,13905.9599609375,13714.349609375,13865.3603515625,6499420000
2021-02-19T14:30:00.000Z,13929.2001953125,13985.580078125,13842.599609375,13874.4599609375,6737820000
2021-02-22T14:30:00.000Z,13714.2001953125,13757.0595703125,13530.9599609375,13533.0498046875,6483740000
2021-02-23T14:30:00.000Z,13262.6103515625,13526.08984375,13003.98046875,13465.2001953125,7516510000
2021-02-24T14:30:00.000Z,13400.25,13607.3603515625,13286.58984375,13597.9697265625,5886230000
2021-02-25T14:30:00.000Z,13512.6396484375,13602.8603515625,13066.3798828125,13119.4296875,6390380000
2021-02-26T14:30:00.000Z,13232.900390625,13368.0595703125,13024.5302734375,13192.349609375,5906110000
2021-03-01T14:30:00.000Z,13406.16015625,13596.58984375,13362.66015625,13588.830078125,5079530000
2021-03-02T14:30:00.000Z,13599.4501953125,13601.330078125,13352,13358.7900390625,4948140000
2021-03-03T14:30:00.000Z,13336.25,13372.51953125,12995.0703125,12997.75,5529980000
2021-03-04T14:30:00.000Z,12953.990234375,13068.7099609375,12553.9599609375,12723.4697265625,7864380000
2021-03-05T14:30:00.000Z,12860.0400390625,12941.2099609375,12397.0498046875,12920.150390625,7725200000
2021-03-08T14:30:00.000Z,12904.259765625,13001,12599.23046875,12609.16015625,6010230000
2021-03-09T14:30:00.000Z,12923.0703125,13151.5400390625,12882.490234375,13073.8203125,6345560000
2021-03-10T14:30:00.000Z,13234.73046875,13277.1103515625,13035.4404296875,13068.830078125,6023880000
2021-03-11T14:30:00.000Z,13273.3095703125,13433.6201171875,13246.330078125,13398.669921875,6008850000
2021-03-12T14:30:00.000Z,13222.8095703125,13324.6904296875,13158.7197265625,13319.8603515625,5497210000
2021-03-15T13:30:00.000Z,13323.4697265625,13460.349609375,13272.5,13459.7099609375,5972370000
2021-03-16T13:30:00.000Z,13523.169921875,13620.7099609375,13397.080078125,13471.5703125,5493890000
2021-03-17T13:30:00.000Z,13336.91015625,13595,13272.6904296875,13525.2001953125,5536110000
2021-03-18T13:30:00.000Z,13349.2001953125,13384.4599609375,13101.919921875,13116.169921875,5739720000
2021-03-19T13:30:00.000Z,13119.900390625,13252.3701171875,13039.4501953125,13215.240234375,7630590000
2021-03-22T13:30:00.000Z,13278.7802734375,13455.6396484375,13278.7802734375,13377.5400390625,5321760000
2021-03-23T13:30:00.000Z,13381.4296875,13405.150390625,13202.4296875,13227.7001953125,5675010000
2021-03-24T13:30:00.000Z,13289.240234375,13292.919921875,12961.349609375,12961.8896484375,6248650000
2021-03-25T13:30:00.000Z,12844.580078125,13021.8603515625,12786.8095703125,12977.6796875,5634290000
2021-03-26T13:30:00.000Z,12996.0302734375,13149.5498046875,12878.7197265625,13138.73046875,5224360000
2021-03-29T13:30:00.000Z,13103.9697265625,13143.41015625,12968.16015625,13059.650390625,4965090000
2021-03-30T13:30:00.000Z,13008.7998046875,13075.75,12922.5703125,13045.3896484375,4721950000
2021-03-31T13:30:00.000Z,13122.5703125,13325.5400390625,13118.3798828125,13246.8701171875,5004720000
2021-04-01T13:30:00.000Z,13414.3203125,13487.080078125,13404.1796875,13480.1103515625,4576480000
2021-04-05T13:30:00.000Z,13594.900390625,13720.580078125,13582.759765625,13705.58984375,4459000000
2021-04-06T13:30:00.000Z,13681.669921875,13776.7099609375,13674.2802734375,13698.3798828125,4073710000
2021-04-07T13:30:00.000Z,13675.2998046875,13733.0302734375,13653.58984375,13688.83984375,4098740000
2021-04-08T13:30:00.000Z,13796.8896484375,13830.1396484375,13758.7099609375,13829.3095703125,4153600000
2021-04-09T13:30:00.000Z,13787.01953125,13905.41015625,13748.349609375,13900.1904296875,3926110000
2021-04-12T13:30:00.000Z,13854.4404296875,13877,13783.9501953125,13850,4250900000
2021-04-13T13:30:00.000Z,13902.4501953125,14011.509765625,13902.4501953125,13996.099609375,4219360000
2021-04-14T13:30:00.000Z,14004.080078125,14033.6298828125,13839.0400390625,13857.83984375,4120770000
2021-04-15T13:30:00.000Z,13983.23046875,14049.1298828125,13970.419921875,14038.759765625,4406880000
2021-04-16T13:30:00.000Z,14059.1103515625,14062.5,13977.0498046875,14052.33984375,4427780000
2021-04-19T13:30:00.000Z,13984.580078125,14041.7900390625,13842.5703125,13914.76953125,4379610000
2021-04-20T13:30:00.000Z,13894.4599609375,13927.669921875,13698.669921875,13786.26953125,4245120000
2021-04-21T13:30:00.000Z,13745.76953125,13951.349609375,13706.8603515625,13950.2197265625,3999620000
2021-04-22T13:30:00.000Z,13952.5703125,14015.8701171875,13771.0400390625,13818.41015625,4420820000
2021-04-23T13:30:00.000Z,13861.3701171875,14062.740234375,13856.830078125,14016.8095703125,4355100000
2021-04-26T13:30:00.000Z,14052.3798828125,14154.0302734375,14019.5,14138.7802734375,4506210000
2021-04-27T13:30:00.000Z,14170.91015625,14171.240234375,14064.2802734375,14090.2197265625,4691460000
2021-04-28T13:30:00.000Z,14082.7802734375,14133.650390625,14034.7001953125,14051.0302734375,4559710000
2021-04-29T13:30:00.000Z,14204.509765625,14211.5703125,13952.7998046875,14082.5498046875,4928030000
2021-04-30T13:30:00.000Z,13970.73046875,14084.759765625,13941.6298828125,13962.6796875,4792460000
2021-05-03T13:30:00.000Z,14031.76953125,14042.1201171875,13881.509765625,13895.1201171875,4761430000
2021-05-04T13:30:00.000Z,13774.509765625,13795.5703125,13485.58984375,13633.5,5879730000
2021-05-05T13:30:00.000Z,13731.1298828125,13753.0498046875,13553.9296875,13582.419921875,4535690000
2021-05-06T13:30:00.000Z,13557.830078125,13635.73046875,13439.3896484375,13632.83984375,5021400000
2021-05-07T13:30:00.000Z,13723.08984375,13828.6201171875,13690.75,13752.240234375,4391100000
2021-05-10T13:30:00.000Z,13687.58984375,13687.9296875,13401.740234375,13401.8603515625,4818670000
2021-05-11T13:30:00.000Z,13115.849609375,13423.3095703125,13107.669921875,13389.4296875,4738390000
2021-05-12T13:30:00.000Z,13215.490234375,13288.6103515625,13002.5400390625,13031.6796875,4752930000
2021-05-13T13:30:00.000Z,13150.9404296875,13247.8701171875,13007.240234375,13124.990234375,4698110000
2021-05-14T13:30:00.000Z,13255.650390625,13460.8798828125,13242.9697265625,13429.98046875,4022610000
2021-05-17T13:30:00.000Z,13368.7998046875,13399.169921875,13265.400390625,13379.0498046875,3997780000
2021-05-18T13:30:00.000Z,13416.900390625,13485.33984375,13299.9296875,13303.6396484375,4301300000
2021-05-19T13:30:00.000Z,13078.1904296875,13304.6103515625,13072.23046875,13299.740234375,4333520000
2021-05-20T13:30:00.000Z,13356.6298828125,13563.51953125,13355.7099609375,13535.740234375,3990760000
2021-05-21T13:30:00.000Z,13616.1904296875,13616.580078125,13463.259765625,13470.990234375,3733940000
2021-05-24T13:30:00.000Z,13557.2099609375,13708.849609375,13551.009765625,13661.169921875,3509470000
2021-05-25T13:30:00.000Z,13721.5400390625,13751.1396484375,13631.7998046875,13657.169921875,4128990000
2021-05-26T13:30:00.000Z,13693.9404296875,13750.16015625,13679.58984375,13738,4264500000
2021-05-27T13:30:00.000Z,13742.58984375,13776.51953125,13701.6298828125,13736.2802734375,5087180000
2021-05-28T13:30:00.000Z,13792.0498046875,13820.8701171875,13747.6103515625,13748.740234375,4447940000
2021-06-01T13:30:00.000Z,13829.0595703125,13836.169921875,13678.76953125,13736.48046875,4186280000
2021-06-02T13:30:00.000Z,13743.240234375,13775.8896484375,13689.740234375,13756.330078125,5097630000
2021-06-03T13:30:00.000Z,13655.75,13684.1298828125,13548.9296875,13614.509765625,5396250000
2021-06-04T13:30:00.000Z,13697.25,13826.8203125,13692.009765625,13814.490234375,4360710000
2021-06-07T13:30:00.000Z,13802.8203125,13889.1103515625,13784.8896484375,13881.7197265625,4639210000
2021-06-08T13:30:00.000Z,13946.3203125,13981.7197265625,13831.98046875,13924.91015625,5958410000
2021-06-09T13:30:00.000Z,13980.23046875,14003.5,13906.4501953125,13911.75,5640490000
2021-06-10T13:30:00.000Z,13933.8798828125,14031.1904296875,13904.400390625,14020.330078125,4919880000
2021-06-11T13:30:00.000Z,14030.849609375,14069.419921875,14006.58984375,14069.419921875,4157580000
2021-06-14T13:30:00.000Z,14083.4697265625,14175.4501953125,14056.669921875,14174.1396484375,4415160000
2021-06-15T13:30:00.000Z,14166.6396484375,14171.01953125,14052.16015625,14072.8603515625,4554580000
2021-06-16T13:30:00.000Z,14085.5498046875,14129.6904296875,13903.73046875,14039.6796875,4683030000
2021-06-17T13:30:00.000Z,13999.1298828125,14196.2099609375,13998.9296875,14161.349609375,4558280000
2021-06-18T13:30:00.000Z,14096.9296875,14129.2197265625,14009.0400390625,14030.3798828125,6126070000
2021-06-21T13:30:00.000Z,14047.419921875,14150.7802734375,13960.0400390625,14141.48046875,4562010000
2021-06-22T13:30:00.000Z,14138.2900390625,14269.76953125,14121,14253.26953125,4433140000
2021-06-23T13:30:00.000Z,14263.3798828125,14317.66015625,14246.2998046875,14271.73046875,4417470000
2021-06-24T13:30:00.000Z,14357.26953125,14414.4599609375,14333.7001953125,14369.7099609375,4324620000
2021-06-25T13:30:00.000Z,14400.8095703125,14409.080078125,14337.650390625,14360.3896484375,7468090000
2021-06-28T13:30:00.000Z,14417.8095703125,14505.1904296875,14417.2001953125,14500.509765625,4283000000
2021-06-29T13:30:00.000Z,14509.1904296875,14535.9697265625,14471.3798828125,14528.330078125,4901300000
2021-06-30T13:30:00.000Z,14509.849609375,14526.8095703125,14478.0595703125,14503.9501953125,5293810000
2021-07-01T13:30:00.000Z,14493.6904296875,14533.5498046875,14439.400390625,14522.3798828125,4410470000
2021-07-02T13:30:00.000Z,14582.98046875,14649.1103515625,14555.33984375,14639.330078125,3751420000
2021-07-06T13:30:00.000Z,14661.5498046875,14687,14529.7998046875,14663.6396484375,4489540000
2021-07-07T13:30:00.000Z,14753.41015625,14755.330078125,14580.7900390625,14665.0595703125,4605630000
2021-07-08T13:30:00.000Z,14409.2001953125,14610.0595703125,14371.58984375,14559.7802734375,4575010000
2021-07-09T13:30:00.000Z,14578.4296875,14710.2001953125,14552.259765625,14701.919921875,3826500000
2021-07-12T13:30:00.000Z,14743.8603515625,14761.080078125,14672.6298828125,14733.240234375,3897090000
2021-07-13T13:30:00.000Z,14715.1298828125,14803.6796875,14660.1904296875,14677.650390625,4583460000
2021-07-14T13:30:00.000Z,14780.900390625,14790.5498046875,14632.9501953125,14644.9501953125,4496220000
2021-07-15T13:30:00.000Z,14635.7802734375,14650.3701171875,14451.7998046875,14543.1298828125,4512550000
2021-07-16T13:30:00.000Z,14597.509765625,14623.01953125,14413.3203125,14427.240234375,4069530000
2021-07-19T13:30:00.000Z,14235.98046875,14313.599609375,14178.66015625,14274.98046875,4537130000
2021-07-20T13:30:00.000Z,14330.4599609375,14555.75,14271.23046875,14498.8798828125,4652450000
2021-07-21T13:30:00.000Z,14508.75,14633.1396484375,14498.650390625,14631.9501953125,4098520000
2021-07-22T13:30:00.000Z,14652.7197265625,14694.1904296875,14617.8701171875,14684.599609375,3597540000
2021-07-23T13:30:00.000Z,14753.0595703125,14846.0595703125,14698.76953125,14836.990234375,3997250000
2021-07-26T13:30:00.000Z,14821.0302734375,14863.650390625,14790.490234375,14840.7099609375,4437090000
2021-07-27T13:30:00.000Z,14807.9501953125,14811.080078125,14503.759765625,14660.580078125,4329230000
2021-07-28T13:30:00.000Z,14715.66015625,14798.8798828125,14645.6298828125,14762.580078125,4268210000
2021-07-29T13:30:00.000Z,14771.169921875,14833.740234375,14761.3798828125,14778.259765625,3928640000
2021-07-30T13:30:00.000Z,14615.849609375,14728.7802734375,14615.849609375,14672.6796875,3645050000
2021-08-02T13:30:00.000Z,14758.599609375,14770.41015625,14665.669921875,14681.0703125,3746130000
2021-08-03T13:30:00.000Z,14713.990234375,14762.599609375,14584.08984375,14761.2900390625,4141370000
2021-08-04T13:30:00.000Z,14747.2099609375,14812.3701171875,14734.1201171875,14780.5302734375,4337330000
2021-08-05T13:30:00.000Z,14794.080078125,14896.4697265625,14776.0302734375,14895.1201171875,4107300000
2021-08-06T13:30:00.000Z,14864.2197265625,14890.1796875,14788.58984375,14835.759765625,4173090000
2021-08-09T13:30:00.000Z,14855.759765625,14883.8095703125,14802.6904296875,14860.1796875,4111640000
2021-08-10T13:30:00.000Z,14887.75,14894.6103515625,14754.48046875,14788.08984375,3991770000
2021-08-11T13:30:00.000Z,14834.3798828125,14842.5,14692.41015625,14765.1396484375,4002340000
2021-08-12T13:30:00.000Z,14751.3603515625,14824.3095703125,14698.9404296875,14816.259765625,4049000000
2021-08-13T13:30:00.000Z,14825.0703125,14850.6103515625,14797.2197265625,14822.900390625,4061070000
2021-08-16T13:30:00.000Z,14771.5302734375,14794.6796875,14610.01953125,14793.759765625,3973920000
2021-08-17T13:30:00.000Z,14670.5595703125,14716.9501953125,14550.8798828125,14656.1796875,4168880000
2021-08-18T13:30:00.000Z,14636.240234375,14697.25,14516.2998046875,14525.91015625,3841840000
2021-08-19T13:30:00.000Z,14423.16015625,14610.759765625,14423.16015625,14541.7900390625,4191490000
2021-08-20T13:30:00.000Z,14571.5302734375,14722.16015625,14571.5302734375,14714.66015625,3886340000
2021-08-23T13:30:00.000Z,14776.98046875,14963.4697265625,14776.98046875,14942.650390625,3906780000
2021-08-24T13:30:00.000Z,14978.1396484375,15034.8896484375,14965.5400390625,15019.7998046875,3809750000
2021-08-25T13:30:00.000Z,15039.0302734375,15059.4296875,15011.580078125,15041.8603515625,3654150000
2021-08-26T13:30:00.000Z,15025.169921875,15059.6298828125,14939.5595703125,14945.8095703125,3630900000
2021-08-27T13:30:00.000Z,14969.76953125,15144.48046875,14966.51953125,15129.5,4048610000
2021-08-30T13:30:00.000Z,15165.9404296875,15288.080078125,15165.1201171875,15265.8896484375,4061760000
2021-08-31T13:30:00.000Z,15262.8798828125,15278.9599609375,15202.669921875,15259.240234375,4188020000
2021-09-01T13:30:00.000Z,15308.98046875,15379.5,15302.1103515625,15309.3798828125,4271690000
2021-09-02T13:30:00.000Z,15358.4697265625,15380.0703125,15285.349609375,15331.1796875,4050510000
2021-09-03T13:30:00.000Z,15313.41015625,15375.5595703125,15283.669921875,15363.51953125,3706990000
2021-09-07T13:30:00.000Z,15375.98046875,15403.4404296875,15343.2802734375,15374.330078125,4014250000
2021-09-08T13:30:00.000Z,15360.349609375,15360.349609375,15206.6103515625,15286.6396484375,4131560000
2021-09-09T13:30:00.000Z,15296.0595703125,15352.3798828125,15245.169921875,15248.25,4031140000
2021-09-10T13:30:00.000Z,15332.919921875,15349.4697265625,15111.3095703125,15115.490234375,4587150000
2021-09-13T13:30:00.000Z,15211.4296875,15215.4404296875,15030.849609375,15105.580078125,4723370000
2021-09-14T13:30:00.000Z,15168.4501953125,15181.1904296875,15008.2998046875,15037.759765625,4593140000
2021-09-15T13:30:00.000Z,15071.33984375,15174.3798828125,14984.6796875,15161.5302734375,4465140000
2021-09-16T13:30:00.000Z,15120.08984375,15205.5,15047.1396484375,15181.919921875,3701500000
2021-09-17T13:30:00.000Z,15163.3603515625,15166.5595703125,14998.73046875,15043.9697265625,6709540000
2021-09-20T13:30:00.000Z,14758.1396484375,14841.8203125,14530.0703125,14713.900390625,4879490000
2021-09-21T13:30:00.000Z,14803.3603515625,14847.0302734375,14696.4697265625,14746.400390625,4083010000
2021-09-22T13:30:00.000Z,14800.58984375,14950.1201171875,14767.009765625,14896.849609375,4252490000
2021-09-23T13:30:00.000Z,14960,15085.4404296875,14932.509765625,15052.240234375,4196130000
2021-09-24T13:30:00.000Z,14961.6103515625,15067.5595703125,14946.5703125,15047.7001953125,3992150000
2021-09-27T13:30:00.000Z,14954.1796875,15003.16015625,14864.9599609375,14969.9697265625,4650790000
2021-09-28T13:30:00.000Z,14787.2099609375,14817.740234375,14539.8798828125,14546.6796875,4989510000
2021-09-29T13:30:00.000Z,14614.8798828125,14676.6201171875,14493.669921875,14512.4404296875,5294600000
2021-09-30T13:30:00.000Z,14582.599609375,14632.3603515625,14444.2998046875,14448.580078125,5950950000
2021-10-01T13:30:00.000Z,14494.9296875,14606.8203125,14324.009765625,14566.7001953125,4710720000
2021-10-04T13:30:00.000Z,14493.1201171875,14499.740234375,14181.6904296875,14255.48046875,4557110000
2021-10-05T13:30:00.000Z,14312.8603515625,14508.650390625,14299.7802734375,14433.830078125,4176390000
2021-10-06T13:30:00.000Z,14289.4501953125,14509.5498046875,14259.0703125,14501.91015625,4465910000
2021-10-07T13:30:00.000Z,14631.7998046875,14755.7197265625,14615.1396484375,14654.01953125,3984180000
2021-10-08T13:30:00.000Z,14694.7197265625,14699.91015625,14569.6796875,14579.5400390625,3571380000
2021-10-11T13:30:00.000Z,14540.080078125,14665.990234375,14482.6201171875,14486.2001953125,3539540000
2021-10-12T13:30:00.000Z,14539.08984375,14552.7099609375,14441.599609375,14465.919921875,4063830000
2021-10-13T13:30:00.000Z,14537.169921875,14589.2802734375,14471.8798828125,14571.6396484375,4053580000
2021-10-14T13:30:00.000Z,14717.5,14827.5595703125,14699.51953125,14823.4296875,4262400000
2021-10-15T13:30:00.000Z,14891.240234375,14904.98046875,14847.9599609375,14897.33984375,4494440000
2021-10-18T13:30:00.000Z,14839.740234375,15026.6796875,14833.2802734375,15021.8095703125,4167740000
2021-10-19T13:30:00.000Z,15073.1298828125,15137.849609375,15049.73046875,15129.08984375,4483400000
2021-10-20T13:30:00.000Z,15160,15178.3896484375,15071.150390625,15121.6796875,4117050000
2021-10-21T13:30:00.000Z,15104.7998046875,15222.25,15094.1396484375,15215.7001953125,4961860000
2021-10-22T13:30:00.000Z,15158.0703125,15193.009765625,15021.01953125,15090.2001953125,5775770000
2021-10-25T13:30:00.000Z,15142.919921875,15259.6298828125,15070.75,15226.7099609375,5750200000
2021-10-26T13:30:00.000Z,15317.5,15384,15198.23046875,15235.7099609375,7173230000
2021-10-27T13:30:00.000Z,15276,15364.5400390625,15235.83984375,15235.83984375,6130110000
2021-10-28T13:30:00.000Z,15304.740234375,15452.2998046875,15290.3095703125,15448.1201171875,5714890000
2021-10-29T13:30:00.000Z,15323.2900390625,15504.1201171875,15323.2900390625,15498.3896484375,5338290000
2021-11-01T13:30:00.000Z,15541.259765625,15598.9501953125,15470.8203125,15595.919921875,5273950000
2021-11-02T13:30:00.000Z,15583.98046875,15656.599609375,15569.26953125,15649.599609375,5129370000
2021-11-03T13:30:00.000Z,15658.51953125,15821.5703125,15616.4404296875,15811.580078125,5325110000
2021-11-04T13:30:00.000Z,15849.740234375,15966.08984375,15827.66015625,15940.3095703125,5297250000
2021-11-05T13:30:00.000Z,16003.5595703125,16053.3896484375,15900.7802734375,15971.58984375,5566400000
2021-11-08T14:30:00.000Z,15995.7197265625,16038.23046875,15961.8095703125,15982.3603515625,5723650000
2021-11-09T14:30:00.000Z,16024.1298828125,16035.2099609375,15836.6796875,15886.5400390625,5574660000
2021-11-10T14:30:00.000Z,15753.83984375,15867.240234375,15543.6796875,15622.7099609375,5369110000
2021-11-11T14:30:00.000Z,15752.080078125,15768.0302734375,15695.76953125,15704.2802734375,4570460000
2021-11-12T14:30:00.000Z,15752.6201171875,15874.5703125,15705.3798828125,15860.9599609375,5446540000
2021-11-15T14:30:00.000Z,15894.8203125,15918.4501953125,15778.3095703125,15853.849609375,5020180000
2021-11-16T14:30:00.000Z,15840.3203125,15989.6103515625,15825,15973.8603515625,5533020000
2021-11-17T14:30:00.000Z,15973.6201171875,15998.5703125,15909.3896484375,15921.5703125,5049320000
2021-11-18T14:30:00.000Z,15973.3896484375,16010.8798828125,15848.830078125,15993.7099609375,5391360000
2021-11-19T14:30:00.000Z,16042.16015625,16121.1201171875,16017.23046875,16057.4404296875,4875310000
2021-11-22T14:30:00.000Z,16120.919921875,16212.23046875,15851.0400390625,15854.759765625,5567830000
2021-11-23T14:30:00.000Z,15809.5,15895.8603515625,15601.4599609375,15775.1396484375,5434380000
2021-11-24T14:30:00.000Z,15677.8798828125,15848.5595703125,15591.3603515625,15845.23046875,4197090000
2021-11-26T14:30:00.000Z,15664.3798828125,15731.5400390625,15456.08984375,15491.66015625,3502170000
2021-11-29T14:30:00.000Z,15719.419921875,15833.1103515625,15644.6103515625,15782.830078125,4836230000
2021-11-30T14:30:00.000Z,15716.5,15828.2001953125,15451.3896484375,15537.6904296875,6631470000
2021-12-01T14:30:00.000Z,15752.26953125,15816.8203125,15243.9296875,15254.0498046875,6320260000
2021-12-02T14:30:00.000Z,15181.8203125,15444.5400390625,15150.1201171875,15381.3203125,5418340000
2021-12-03T14:30:00.000Z,15428.7099609375,15470.3603515625,14931.0595703125,15085.4697265625,5900290000
2021-12-06T14:30:00.000Z,15117.6298828125,15281.990234375,14931.6103515625,15225.150390625,5115230000
2021-12-07T14:30:00.000Z,15510.91015625,15720.08984375,15507.66015625,15686.919921875,5116490000
2021-12-08T14:30:00.000Z,15690.650390625,15792.6396484375,15618.8798828125,15786.990234375,4615390000
2021-12-09T14:30:00.000Z,15720.5400390625,15796.0498046875,15511.1201171875,15517.3701171875,4515600000
2021-12-10T14:30:00.000Z,15629.58984375,15677.599609375,15477.849609375,15630.599609375,4426210000
2021-12-13T14:30:00.000Z,15621.26953125,15637.0595703125,15408.25,15413.2802734375,4573920000
2021-12-14T14:30:00.000Z,15215.9599609375,15317.5498046875,15097.349609375,15237.6396484375,4865990000
2021-12-15T14:30:00.000Z,15230.7099609375,15575.759765625,15055.23046875,15565.580078125,5343920000
2021-12-16T14:30:00.000Z,15629.080078125,15633.1904296875,15119.490234375,15180.4296875,4906480000
2021-12-17T14:30:00.000Z,15036.76953125,15288.7802734375,14960.3701171875,15169.6796875,7668770000
2021-12-20T14:30:00.000Z,14933,15007.2998046875,14860.0400390625,14980.9404296875,4602640000
2021-12-21T14:30:00.000Z,15140.4296875,15349.0595703125,15015.0302734375,15341.08984375,4581720000
2021-12-22T14:30:00.000Z,15319.16015625,15525.9697265625,15303.0595703125,15521.8896484375,4107900000
2021-12-23T14:30:00.000Z,15544.7900390625,15697.98046875,15528.91015625,15653.3701171875,3935010000
2021-12-27T14:30:00.000Z,15696.830078125,15871.400390625,15696.830078125,15871.259765625,3743920000
2021-12-28T14:30:00.000Z,15895.2001953125,15901.4697265625,15757.0703125,15781.7197265625,3648500000
2021-12-29T14:30:00.000Z,15794.919921875,15821.8095703125,15679.849609375,15766.2197265625,3714380000
2021-12-30T14:30:00.000Z,15758.98046875,15868.08984375,15729.16015625,15741.5595703125,3750920000
2021-12-31T14:30:00.000Z,15722.91015625,15777.4296875,15643.9404296875,15644.9697265625,3392580000
2022-01-03T14:30:00.000Z,15732.5,15832.7998046875,15644.08984375,15832.7998046875,4429960000
2022-01-04T14:30:00.000Z,15852.1396484375,15852.1396484375,15512.41015625,15622.7197265625,5131110000
2022-01-05T14:30:00.000Z,15547.16015625,15586.2998046875,15095.1796875,15100.169921875,5031850000
2022-01-06T14:30:00.000Z,15024.150390625,15198.4501953125,14914.8701171875,15080.8603515625,4790820000
2022-01-07T14:30:00.000Z,15095.7197265625,15171.01953125,14877.6298828125,14935.900390625,4238070000
2022-01-10T14:30:00.000Z,14751.7802734375,14953.849609375,14530.23046875,14942.830078125,5317180000
2022-01-11T14:30:00.000Z,14919.259765625,15158.7099609375,14837.6298828125,15153.4501953125,4390710000
2022-01-12T14:30:00.000Z,15263.099609375,15319.0302734375,15117.2900390625,15188.3896484375,4338530000
2022-01-13T14:30:00.000Z,15245.0400390625,15259.7099609375,14782.240234375,14806.8095703125,4302020000
2022-01-14T14:30:00.000Z,14708.01953125,14897.6796875,14689.4296875,14893.75,4374020000
2022-01-18T14:30:00.000Z,14681.830078125,14740.5400390625,14482.9404296875,14506.900390625,5060790000
2022-01-19T14:30:00.000Z,14582.2197265625,14658.8896484375,14331.650390625,14340.259765625,4665340000
2022-01-20T14:30:00.000Z,14462.849609375,14642.0302734375,14140.7802734375,14154.01953125,5102050000
2022-01-21T14:30:00.000Z,14046.2197265625,14171.7197265625,13764.240234375,13768.919921875,5870830000
2022-01-24T14:30:00.000Z,13481.5,13876.6103515625,13094.650390625,13855.1298828125,6998770000
2022-01-25T14:30:00.000Z,13610.8701171875,13781.6201171875,13414.1396484375,13539.2900390625,5019380000
2022-01-26T14:30:00.000Z,13871.76953125,14002.650390625,13392.1904296875,13542.1201171875,5771140000
2022-01-27T14:30:00.000Z,13710.990234375,13765.91015625,13322.66015625,13352.7802734375,5177380000
2022-01-28T14:30:00.000Z,13436.7099609375,13771.91015625,13236.5595703125,13770.5703125,4971930000
2022-01-31T14:30:00.000Z,13812.1904296875,14242.900390625,13767.7099609375,14239.8798828125,5124940000
2022-02-01T14:30:00.000Z,14277.4296875,14358.6904296875,14070.76953125,14346,4671850000
2022-02-02T14:30:00.000Z,14494.4697265625,14504.8203125,14264.650390625,14417.5498046875,4673140000
2022-02-03T14:30:00.000Z,14045.830078125,14207.8896484375,13851.740234375,13878.8203125,4326300000
2022-02-04T14:30:00.000Z,13958.48046875,14222.759765625,13850.3896484375,14098.009765625,4121340000
2022-02-07T14:30:00.000Z,14118.7900390625,14236.3095703125,13974.099609375,14015.669921875,4268730000
2022-02-08T14:30:00.000Z,13984.4296875,14226.48046875,13934.7802734375,14194.4501953125,4293770000
2022-02-09T14:30:00.000Z,14368.16015625,14490.7197265625,14330.8701171875,14490.3701171875,4729730000
2022-02-10T14:30:00.000Z,14228.6796875,14509.5595703125,14118.2001953125,14185.6396484375,5212510000
2022-02-11T14:30:00.000Z,14213.6201171875,14246.7001953125,13733.16015625,13791.150390625,5237320000
2022-02-14T14:30:00.000Z,13768.9697265625,13921.7099609375,13664.759765625,13790.919921875,4347350000
2022-02-15T14:30:00.000Z,13997.1796875,14142.490234375,13976.2900390625,14139.759765625,4416840000
2022-02-16T14:30:00.000Z,14038.919921875,14163.73046875,13931.990234375,14124.08984375,4238560000
2022-02-17T14:30:00.000Z,14004.1904296875,14020.8203125,13704.7001953125,13716.7197265625,4278370000
2022-02-18T14:30:00.000Z,13735.400390625,13762.400390625,13465.5595703125,13548.0703125,4501940000
2022-02-22T14:30:00.000Z,13424.3603515625,13618.7197265625,13249.650390625,13381.51953125,4849170000
2022-02-23T14:30:00.000Z,13511.75,13533.7802734375,13032.169921875,13037.490234375,4639330000
2022-02-24T14:30:00.000Z,12587.8798828125,13486.1103515625,12587.8798828125,13473.58984375,6180200000
2022-02-25T14:30:00.000Z,13485.259765625,13696.8603515625,13358.2900390625,13694.6201171875,4628720000
2022-02-28T14:30:00.000Z,13570.830078125,13810.6396484375,13549.900390625,13751.400390625,5928130000
2022-03-01T14:30:00.000Z,13716.7001953125,13777.0400390625,13441.3203125,13532.4599609375,6131350000
2022-03-02T14:30:00.000Z,13597.5302734375,13796.5498046875,13493.91015625,13752.01953125,5246390000
2022-03-03T14:30:00.000Z,13837.58984375,13837.58984375,13472.6396484375,13537.9404296875,5092580000
2022-03-04T14:30:00.000Z,13455.23046875,13486.7099609375,13224.98046875,13313.4404296875,5343900000
2022-03-07T14:30:00.000Z,13328.3603515625,13353.2802734375,12828.01953125,12830.9599609375,6195370000
2022-03-08T14:30:00.000Z,12800.0400390625,13159.4404296875,12670.080078125,12795.5498046875,6683960000
2022-03-09T14:30:00.000Z,13113.7001953125,13301.16015625,13039.7900390625,13255.5498046875,5396550000
2022-03-10T14:30:00.000Z,13098.349609375,13163.5,12946.2802734375,13129.9599609375,5071250000
2022-03-11T14:30:00.000Z,13229.76953125,13239.349609375,12830.3701171875,12843.8095703125,5288210000
2022-03-14T13:30:00.000Z,12795.1201171875,12918.009765625,12555.349609375,12581.2197265625,5876710000
2022-03-15T13:30:00.000Z,12685.23046875,12973.8798828125,12616.58984375,12948.6201171875,5440100000
2022-03-16T13:30:00.000Z,13119.3701171875,13440.1201171875,12992.2001953125,13436.5498046875,6552210000
2022-03-17T13:30:00.000Z,13360.7197265625,13620.7998046875,13317.1396484375,13614.7802734375,5612090000
2022-03-18T13:30:00.000Z,13564.6298828125,13899.2802734375,13528.0595703125,13893.83984375,8149290000
2022-03-21T13:30:00.000Z,13860.3896484375,13945.8095703125,13682.5498046875,13838.4599609375,5673940000
2022-03-22T13:30:00.000Z,13866.4296875,14141.0703125,13857.2900390625,14108.8203125,5445100000
2022-03-23T13:30:00.000Z,13990.349609375,14152.1396484375,13921.650390625,13922.599609375,5024230000
2022-03-24T13:30:00.000Z,14001.3203125,14193.5498046875,13897.2001953125,14191.83984375,5149520000
2022-03-25T13:30:00.000Z,14194.7197265625,14218.759765625,14010.7900390625,14169.2998046875,5585100000
2022-03-28T13:30:00.000Z,14177.2099609375,14356,14101.33984375,14354.900390625,5129500000
2022-03-29T13:30:00.000Z,14500.3896484375,14646.900390625,14419.400390625,14619.6396484375,6060890000
2022-03-30T13:30:00.000Z,14558.58984375,14609.25,14383.4501953125,14442.26953125,5479200000
2022-03-31T13:30:00.000Z,14444.7802734375,14456.740234375,14217.7197265625,14220.51953125,5453890000
2022-04-01T13:30:00.000Z,14269.5302734375,14306.9404296875,14131.8095703125,14261.5,5002790000
2022-04-04T13:30:00.000Z,14304.349609375,14534.3798828125,14286.4501953125,14532.5498046875,4630100000
2022-04-05T13:30:00.000Z,14490.259765625,14500.2900390625,14169.1201171875,14204.169921875,4727710000
2022-04-06T13:30:00.000Z,14002.580078125,14032.83984375,13788.900390625,13888.8203125,5360420000
2022-04-07T13:30:00.000Z,13861.490234375,13978.25,13689.23046875,13897.2998046875,4856090000
2022-04-08T13:30:00.000Z,13830.4697265625,13866.0595703125,13693.6904296875,13711,4574080000
2022-04-11T13:30:00.000Z,13547.2900390625,13585.080078125,13401.3896484375,13411.9599609375,4946680000
2022-04-12T13:30:00.000Z,13584.6904296875,13685.9501953125,13317.740234375,13371.5703125,4991720000
2022-04-13T13:30:00.000Z,13373.1201171875,13679.4296875,13353.66015625,13643.58984375,4909720000
2022-04-14T13:30:00.000Z,13647.4296875,13662.9296875,13345.2197265625,13351.080078125,4642240000
2022-04-18T13:30:00.000Z,13319.3896484375,13414.26953125,13222.0302734375,13332.3603515625,4365230000
2022-04-19T13:30:00.000Z,13312.4404296875,13643.9697265625,13281.2197265625,13619.66015625,4562840000
2022-04-20T13:30:00.000Z,13665.3798828125,13678.5498046875,13426.1298828125,13453.0703125,4678930000
2022-04-21T13:30:00.000Z,13623.7001953125,13710.7001953125,13140.830078125,13174.650390625,5233110000
2022-04-22T13:30:00.000Z,13168.7998046875,13212.599609375,12828.01953125,12839.2900390625,4475090000
2022-04-25T13:30:00.000Z,12749.169921875,13011.4501953125,12722.58984375,13004.849609375,4845160000
2022-04-26T13:30:00.000Z,12918.0400390625,12918.0400390625,12490.740234375,12490.740234375,5168160000
2022-04-27T13:30:00.000Z,12500.8798828125,12703.7900390625,12430.900390625,12488.9296875,4810720000
2022-04-28T13:30:00.000Z,12712.8603515625,12948.51953125,12487.8603515625,12871.5302734375,5067150000
2022-04-29T13:30:00.000Z,12710.419921875,12861.830078125,12315.740234375,12334.6396484375,4733070000
2022-05-02T13:30:00.000Z,12331.6904296875,12542.5400390625,12202.41015625,12536.01953125,4918240000
2022-05-03T13:30:00.000Z,12511.4599609375,12645.830078125,12460.990234375,12563.759765625,4547280000
2022-05-04T13:30:00.000Z,12574.73046875,12985.009765625,12367.01953125,12964.8603515625,5498050000
2022-05-05T13:30:00.000Z,12787.51953125,12787.51953125,12183.5595703125,12317.6904296875,5308920000
2022-05-06T13:30:00.000Z,12246.830078125,12358.419921875,11990.150390625,12144.66015625,5324480000
2022-05-09T13:30:00.000Z,11923.0302734375,11990.6103515625,11574.9404296875,11623.25,5939140000
2022-05-10T13:30:00.000Z,11900.33984375,11944.9404296875,11566.2802734375,11737.669921875,6218260000
2022-05-11T13:30:00.000Z,11645.5703125,11844.509765625,11339.1796875,11364.240234375,6152370000
2022-05-12T13:30:00.000Z,11199.25,11547.330078125,11108.759765625,11370.9599609375,6679470000
2022-05-13T13:30:00.000Z,11555.9697265625,11856.7099609375,11510.259765625,11805,5894020000
2022-05-16T13:30:00.000Z,11727.1396484375,11804.58984375,11627.5302734375,11662.7900390625,4930250000
2022-05-17T13:30:00.000Z,11905.5703125,11988.4296875,11754.2802734375,11984.51953125,5093960000
2022-05-18T13:30:00.000Z,11790.6796875,11826.2197265625,11381.6904296875,11418.150390625,5064120000
2022-05-19T13:30:00.000Z,11364.400390625,11562.8203125,11313.3095703125,11388.5,5154410000
2022-05-20T13:30:00.000Z,11542.669921875,11552.2099609375,11035.6904296875,11354.6201171875,5434370000
2022-05-23T13:30:00.000Z,11396.2802734375,11552.0703125,11304.5595703125,11535.26953125,4552200000
2022-05-24T13:30:00.000Z,11326.4404296875,11351.6103515625,11092.48046875,11264.4501953125,4724430000
2022-05-25T13:30:00.000Z,11225.0302734375,11511.900390625,11211.849609375,11434.740234375,4519690000
2022-05-26T13:30:00.000Z,11409.83984375,11796.9697265625,11406.16015625,11740.650390625,4672620000
2022-05-27T13:30:00.000Z,11869.6904296875,12131.66015625,11856.8203125,12131.1298828125,4793900000
2022-05-31T13:30:00.000Z,12137.5400390625,12190.080078125,11942.5,12081.3896484375,6045500000
2022-06-01T13:30:00.000Z,12176.8896484375,12237.9404296875,11901.4296875,11994.4599609375,4719900000
2022-06-02T13:30:00.000Z,11945.5703125,12320.1201171875,11901.4501953125,12316.900390625,4445840000
2022-06-03T13:30:00.000Z,12097.1201171875,12167.4404296875,11966.6201171875,12012.73046875,4130040000
2022-06-06T13:30:00.000Z,12200.330078125,12245.400390625,12004.2001953125,12061.3701171875,4647010000
2022-06-07T13:30:00.000Z,11925.8095703125,12194.8603515625,11888.6103515625,12175.23046875,4411240000
2022-06-08T13:30:00.000Z,12147.2802734375,12235.7802734375,12052.7001953125,12086.26953125,4708980000
2022-06-09T13:30:00.000Z,12016.4697265625,12115.0595703125,11751.98046875,11754.23046875,5408460000
2022-06-10T13:30:00.000Z,11543.8798828125,11569.150390625,11328.26953125,11340.01953125,5152020000
2022-06-13T13:30:00.000Z,10986.849609375,11071.48046875,10775.1396484375,10809.23046875,5937320000
2022-06-14T13:30:00.000Z,10897.4296875,10926.8095703125,10733.0400390625,10828.349609375,4819890000
2022-06-15T13:30:00.000Z,10968.400390625,11244.259765625,10866.3896484375,11099.150390625,5368500000
2022-06-16T13:30:00.000Z,10806.01953125,10831.0703125,10565.1396484375,10646.099609375,5696630000
2022-06-17T13:30:00.000Z,10697.5498046875,10884.7099609375,10638.7197265625,10798.349609375,7452830000
2022-06-21T13:30:00.000Z,10974.0498046875,11164.990234375,10974.0498046875,11069.2998046875,5226260000
2022-06-22T13:30:00.000Z,10941.9501953125,11216.76953125,10938.0595703125,11053.080078125,5238180000
2022-06-23T13:30:00.000Z,11137.6796875,11260.26953125,11046.2802734375,11232.1904296875,5258200000
2022-06-24T13:30:00.000Z,11351.3095703125,11613.23046875,11337.7802734375,11607.6201171875,9468130000
2022-06-27T13:30:00.000Z,11661.01953125,11677.490234375,11487.0703125,11524.5498046875,5047860000
2022-06-28T13:30:00.000Z,11542.240234375,11635.849609375,11177.6796875,11181.5400390625,5433220000
2022-06-29T13:30:00.000Z,11160.2197265625,11226.330078125,11072.1904296875,11177.8896484375,5650860000
2022-06-30T13:30:00.000Z,11048.25,11160.919921875,10850.009765625,11028.740234375,5654520000
2022-07-01T13:30:00.000Z,11006.830078125,11132.5498046875,10922.7099609375,11127.849609375,4865730000
2022-07-05T13:30:00.000Z,10964.1796875,11323.8896484375,10911.4501953125,11322.240234375,5053570000
2022-07-06T13:30:00.000Z,11337.900390625,11443.150390625,11250.3203125,11361.849609375,4851170000
2022-07-07T13:30:00.000Z,11422.599609375,11644.4697265625,11412.8798828125,11621.349609375,4685050000
2022-07-08T13:30:00.000Z,11503.6103515625,11689.7001953125,11479.76953125,11635.3095703125,4526570000
2022-07-11T13:30:00.000Z,11524.490234375,11541.099609375,11348.0595703125,11372.599609375,4362910000
2022-07-12T13:30:00.000Z,11420.8896484375,11483.169921875,11207.080078125,11264.73046875,4317860000
2022-07-13T13:30:00.000Z,11056.5498046875,11325.669921875,11031.26953125,11247.580078125,4433060000
2022-07-14T13:30:00.000Z,11151.2099609375,11279.9697265625,11005.9296875,11251.1904296875,4481070000
2022-07-15T13:30:00.000Z,11379.3603515625,11454.6904296875,11295.330078125,11452.419921875,4369060000
2022-07-18T13:30:00.000Z,11561.6396484375,11629.0302734375,11322.83984375,11360.0498046875,5057920000
2022-07-19T13:30:00.000Z,11515,11721.2197265625,11448.9697265625,11713.150390625,5302740000
2022-07-20T13:30:00.000Z,11726.08984375,11939.9599609375,11703.3603515625,11897.650390625,5467080000
2022-07-21T13:30:00.000Z,11914.150390625,12060.58984375,11812.7197265625,12059.6103515625,4680930000
2022-07-22T13:30:00.000Z,12025.3701171875,12093.01953125,11767.1904296875,11834.1103515625,4721880000
2022-07-25T13:30:00.000Z,11837.9599609375,11855.1103515625,11707.5302734375,11782.669921875,4346520000
2022-07-26T13:30:00.000Z,11701.5302734375,11711.3095703125,11533.3701171875,11562.5703125,4349760000
2022-07-27T13:30:00.000Z,11756.1904296875,12081.73046875,11718.3798828125,12032.419921875,4588480000
2022-07-28T13:30:00.000Z,12036.48046875,12179.08984375,11886.669921875,12162.58984375,4924950000
2022-07-29T13:30:00.000Z,12239.6904296875,12426.259765625,12181.1298828125,12390.6904296875,4907410000
2022-08-01T13:30:00.000Z,12317.9599609375,12499.7197265625,12271.98046875,12368.98046875,4396390000
2022-08-02T13:30:00.000Z,12287.669921875,12503.33984375,12260.48046875,12348.759765625,4792140000
2022-08-03T13:30:00.000Z,12433.8701171875,12699.6396484375,12425.2099609375,12668.16015625,5667990000
2022-08-04T13:30:00.000Z,12675.0400390625,12736.1904296875,12600.7802734375,12720.580078125,5451470000
2022-08-05T13:30:00.000Z,12538.7998046875,12720.4404296875,12525.76953125,12657.5498046875,4911300000
2022-08-08T13:30:00.000Z,12703.7197265625,12855.150390625,12597.75,12644.4599609375,5238600000
2022-08-09T13:30:00.000Z,12557.490234375,12582.91015625,12438.8603515625,12493.9296875,5307340000
2022-08-10T13:30:00.000Z,12793.4404296875,12861.4404296875,12698.6103515625,12854.7998046875,5196210000
2022-08-11T13:30:00.000Z,12944.8203125,13026.240234375,12760.08984375,12779.91015625,5815960000
2022-08-12T13:30:00.000Z,12866.3095703125,13047.1904296875,12821.2197265625,13047.1904296875,4782610000
2022-08-15T13:30:00.000Z,12996.6298828125,13146.0595703125,12993.7802734375,13128.0498046875,4476040000
2022-08-16T13:30:00.000Z,13082.6396484375,13181.08984375,12979.240234375,13102.5498046875,5028410000
2022-08-17T13:30:00.000Z,12968.6298828125,13053.509765625,12863.009765625,12938.1201171875,5229520000
2022-08-18T13:30:00.000Z,12937.7900390625,13002.66015625,12873.490234375,12965.33984375,4724350000
2022-08-19T13:30:00.000Z,12832.26953125,12859.009765625,12674.8701171875,12705.2197265625,4628170000
2022-08-22T13:30:00.000Z,12523.16015625,12538.5498046875,12353.73046875,12381.5703125,4270980000
2022-08-23T13:30:00.000Z,12380.3701171875,12490.849609375,12352.0302734375,12381.2998046875,3836180000
2022-08-24T13:30:00.000Z,12375.150390625,12504.330078125,12350.16015625,12431.5302734375,3917170000
2022-08-25T13:30:00.000Z,12506.3701171875,12641.259765625,12471.98046875,12639.26953125,4323470000
2022-08-26T13:30:00.000Z,12630.580078125,12655.83984375,12141.51953125,12141.7099609375,4530000000
2022-08-29T13:30:00.000Z,12021.0498046875,12124.8701171875,11981.419921875,12017.669921875,4209850000
2022-08-30T13:30:00.000Z,12093.0595703125,12101.849609375,11790.01953125,11883.1396484375,4681520000
2022-08-31T13:30:00.000Z,11972.5595703125,12027.4296875,11814.169921875,11816.2001953125,4952010000
2022-09-01T13:30:00.000Z,11707.4404296875,11798.3701171875,11546.51953125,11785.1298828125,4792890000
2022-09-02T13:30:00.000Z,11899.1396484375,11945.91015625,11573.509765625,11630.8603515625,4257410000
2022-09-06T13:30:00.000Z,11643.0302734375,11679.4296875,11471.5,11544.91015625,4622940000
2022-09-07T13:30:00.000Z,11559.3798828125,11819.0703125,11555.080078125,11791.900390625,4445640000
2022-09-08T13:30:00.000Z,11679.8603515625,11896.73046875,11660.5302734375,11862.1298828125,4329910000
2022-09-09T13:30:00.000Z,11958.6103515625,12132.669921875,11958.6103515625,12112.3095703125,4401590000
2022-09-12T13:30:00.000Z,12174.9404296875,12270.1904296875,12169.2802734375,12266.41015625,4146680000
2022-09-13T13:30:00.000Z,11908.8095703125,11957.9697265625,11604.4296875,11633.5703125,5188380000
2022-09-14T13:30:00.000Z,11680.41015625,11746.830078125,11602.759765625,11719.6796875,4861530000
2022-09-15T13:30:00.000Z,11633.240234375,11760.73046875,11497.1103515625,11552.3603515625,4805910000
2022-09-16T13:30:00.000Z,11401.2099609375,11460.4296875,11316.919921875,11448.400390625,7451840000
2022-09-19T13:30:00.000Z,11338.5703125,11538.1298828125,11337.830078125,11535.01953125,4168670000
2022-09-20T13:30:00.000Z,11440.1396484375,11520.990234375,11343.7197265625,11425.0498046875,4028100000
2022-09-21T13:30:00.000Z,11466.2099609375,11613.5703125,11218.990234375,11220.1904296875,4471000000
2022-09-22T13:30:00.000Z,11167.3798828125,11203.76953125,11024.6396484375,11066.8095703125,4916470000
2022-09-23T13:30:00.000Z,10952.6904296875,10958.2900390625,10732.7197265625,10867.9296875,5134350000
2022-09-26T13:30:00.000Z,10833.3798828125,11024,10789.0498046875,10802.919921875,4697730000
2022-09-27T13:30:00.000Z,10955.2900390625,11040.98046875,10741.01953125,10829.5,4445050000
2022-09-28T13:30:00.000Z,10817.51953125,11101.5,10776.33984375,11051.6396484375,4556100000
2022-09-29T13:30:00.000Z,10894.4404296875,10899.4697265625,10623.2197265625,10737.509765625,4516630000
2022-09-30T13:30:00.000Z,10697.7099609375,10883.0400390625,10572.330078125,10575.6201171875,4649710000
2022-10-03T13:30:00.000Z,10659.009765625,10875.4599609375,10577.8896484375,10815.4296875,4415440000
2022-10-04T13:30:00.000Z,11054.7197265625,11189.9599609375,11044.0400390625,11176.41015625,5004780000
2022-10-05T13:30:00.000Z,11022.669921875,11210.3203125,10910.759765625,11148.6396484375,4091860000
2022-10-06T13:30:00.000Z,11129.0400390625,11230.4404296875,11051.26953125,11073.3095703125,4423320000
2022-10-07T13:30:00.000Z,10877.2802734375,10891.9296875,10608.51953125,10652.400390625,4634190000
2022-10-10T13:30:00.000Z,10659.9501953125,10669.9296875,10449.0400390625,10542.099609375,3989640000
2022-10-11T13:30:00.000Z,10484.3701171875,10608.83984375,10351.98046875,10426.1904296875,4738840000
2022-10-12T13:30:00.000Z,10437,10494.5302734375,10372.2099609375,10417.099609375,4091030000
2022-10-13T13:30:00.000Z,10131.8203125,10697.7099609375,10088.830078125,10649.150390625,5300080000
2022-10-14T13:30:00.000Z,10742.8095703125,10766.6904296875,10308.8095703125,10321.3896484375,4393000000
2022-10-17T13:30:00.000Z,10575.650390625,10696.58984375,10569.6904296875,10675.7998046875,4439190000
2022-10-18T13:30:00.000Z,10963.990234375,10972.9697265625,10670.1201171875,10772.400390625,5047360000
2022-10-19T13:30:00.000Z,10689.3095703125,10808.0400390625,10592.8798828125,10680.509765625,4955090000
2022-10-20T13:30:00.000Z,10657.41015625,10837.2998046875,10574.5498046875,10614.83984375,4628010000
2022-10-21T13:30:00.000Z,10576.0400390625,10875.7197265625,10542.4296875,10859.7197265625,4706440000
2022-10-24T13:30:00.000Z,10867.0703125,10983.51953125,10713.330078125,10952.6103515625,4808710000
2022-10-25T13:30:00.000Z,10996.9697265625,11210.3798828125,10996.9697265625,11199.1201171875,5141760000
2022-10-26T13:30:00.000Z,10969.01953125,11205.83984375,10948.3798828125,10970.990234375,5224440000
2022-10-27T13:30:00.000Z,10971.9501953125,10998.73046875,10780.5,10792.669921875,4773520000
2022-10-28T13:30:00.000Z,10766.2001953125,11117.0400390625,10766.2001953125,11102.4501953125,4731940000
2022-10-31T13:30:00.000Z,11028.4296875,11047.9404296875,10914.009765625,10988.150390625,4753740000
2022-11-01T13:30:00.000Z,11154.740234375,11156.349609375,10881.1904296875,10890.849609375,4677520000
2022-11-02T13:30:00.000Z,10885.009765625,10993.240234375,10522.900390625,10524.7998046875,5436420000
2022-11-03T13:30:00.000Z,10399.4501953125,10486.009765625,10319.5400390625,10342.9404296875,5102190000
2022-11-04T13:30:00.000Z,10548.1396484375,10553.6298828125,10262.9296875,10475.25,5453750000
2022-11-07T14:30:00.000Z,10516.9404296875,10587.9599609375,10428.91015625,10564.51953125,4456690000
2022-11-08T14:30:00.000Z,10611.5302734375,10745.6396484375,10472.73046875,10616.2001953125,5134500000
2022-11-09T14:30:00.000Z,10528.4501953125,10564.9697265625,10344.009765625,10353.169921875,4977460000
2022-11-10T14:30:00.000Z,10869.169921875,11119.1201171875,10779.9501953125,11114.150390625,6433000000
2022-11-11T14:30:00.000Z,11124.75,11352.4296875,11069.830078125,11323.330078125,5867750000
2022-11-14T14:30:00.000Z,11233.900390625,11350.1201171875,11167.169921875,11196.2197265625,5004060000
2022-11-15T14:30:00.000Z,11474.8203125,11492.6201171875,11241.150390625,11358.41015625,5617310000
2022-11-16T14:30:00.000Z,11260.099609375,11286.099609375,11162.919921875,11183.66015625,4585190000
2022-11-17T14:30:00.000Z,11008.669921875,11198.83984375,11006.2099609375,11144.9599609375,4354360000
2022-11-18T14:30:00.000Z,11257.009765625,11259.4404296875,11059.16015625,11146.0595703125,4175420000
2022-11-21T14:30:00.000Z,11091.009765625,11128.7802734375,10999.75,11024.509765625,3977130000
2022-11-22T14:30:00.000Z,11058.5595703125,11179.8701171875,10975.66015625,11174.41015625,4186360000
2022-11-23T14:30:00.000Z,11174.6103515625,11310.8203125,11174.6103515625,11285.3203125,4431530000
2022-11-25T14:30:00.000Z,11231,11261.5703125,11206.3798828125,11226.3603515625,2184080000
2022-11-28T14:30:00.000Z,11147.5703125,11217.75,11020.6904296875,11049.5,4271360000
2022-11-29T14:30:00.000Z,11060.01953125,11086.01953125,10944.3701171875,10983.7802734375,4592830000
2022-11-30T14:30:00.000Z,10995.2001953125,11468.4697265625,10966.5302734375,11468,6653460000
2022-12-01T14:30:00.000Z,11475.169921875,11546.76953125,11378.75,11482.4501953125,5158120000
2022-12-02T14:30:00.000Z,11308.3798828125,11492.3203125,11296.7197265625,11461.5,4523010000
2022-12-05T14:30:00.000Z,11380.990234375,11425.509765625,11193.01953125,11239.9404296875,4510030000
2022-12-06T14:30:00.000Z,11228.419921875,11241.419921875,10956.2001953125,11014.8896484375,4713330000
2022-12-07T14:30:00.000Z,10963.9501953125,11039.8095703125,10910.6201171875,10958.5498046875,4343860000
2022-12-08T14:30:00.000Z,11011.330078125,11119.16015625,10939.4697265625,11082,4281800000
2022-12-09T14:30:00.000Z,11038.169921875,11138.7001953125,10999.259765625,11004.6201171875,4337440000
2022-12-12T14:30:00.000Z,11015.48046875,11144.669921875,10984.8203125,11143.740234375,4829990000
2022-12-13T14:30:00.000Z,11542.83984375,11571.6396484375,11160.5400390625,11256.8095703125,6126890000
2022-12-14T14:30:00.000Z,11248.08984375,11352.08984375,11065.240234375,11170.8896484375,5485150000
2022-12-15T14:30:00.000Z,11012.6201171875,11029.5703125,10775.6103515625,10810.5302734375,5536070000
2022-12-16T14:30:00.000Z,10767.6298828125,10833.240234375,10642.099609375,10705.41015625,7968170000
2022-12-19T14:30:00.000Z,10707.4404296875,10713.9697265625,10497.5498046875,10546.0302734375,4631820000
2022-12-20T14:30:00.000Z,10490.8896484375,10609.4599609375,10446.8203125,10547.1103515625,4707190000
2022-12-21T14:30:00.000Z,10592,10753.5703125,10569.2001953125,10709.3701171875,4401420000
2022-12-22T14:30:00.000Z,10586.4599609375,10599.33984375,10313.3203125,10476.1201171875,5125070000
2022-12-23T14:30:00.000Z,10437.75,10514.759765625,10361.8203125,10497.8603515625,3544680000
2022-12-27T14:30:00.000Z,10462.1904296875,10472.3203125,10340.73046875,10353.23046875,3827290000
2022-12-28T14:30:00.000Z,10339.2001953125,10414.8203125,10207.4697265625,10213.2900390625,3842970000
2022-12-29T14:30:00.000Z,10321.4599609375,10502.080078125,10301.0595703125,10478.08984375,4154100000
2022-12-30T14:30:00.000Z,10368.3701171875,10468.3095703125,10324.7001953125,10466.48046875,3959030000